date,location,link
"July 30, 2022","Dallas, Texas, USA",http://www.ufcstats.com/event-details/b0a6124751a56bc4
"January 16, 2021","Abu Dhabi, Abu Dhabi, United Arab Emirates",http://www.ufcstats.com/event-details/307064d3e0f036c2
"January 23, 2021","Abu Dhabi, Abu Dhabi, United Arab Emirates",http://www.ufcstats.com/event-details/4304992c2acc187b
"December 19, 2020","Las Vegas, Nevada, USA",http://www.ufcstats.com/event-details/e49c2db95e572dc8
"December 12, 2020","Las Vegas, Nevada, USA",http://www.ufcstats.com/event-details/d0d43cb9b14f231c
"January 20, 2021","Abu Dhabi, Abu Dhabi, United Arab Emirates",http://www.ufcstats.com/event-details/56116537d71a578c
"February 13, 2021","Las Vegas, Nevada, USA",http://www.ufcstats.com/event-details/3f7c14c7eca7195d
"December 05, 2020","Las Vegas, Nevada, USA",http://www.ufcstats.com/event-details/398b440e73d55b8b
"February 20, 2021","Las Vegas, Nevada, USA",http://www.ufcstats.com/event-details/bfe95ec546692b13
"February 06, 2021","Las Vegas, Nevada, USA",http://www.ufcstats.com/event-details/a1153013cb5f628f
"February 27, 2021","Las Vegas, Nevada, USA",http://www.ufcstats.com/event-details/81b57acd6975ac06
"March 06, 2021","Las Vegas, Nevada, USA",http://www.ufcstats.com/event-details/6e2b1d631832921d
"March 27, 2021","Las Vegas, Nevada, USA",http://www.ufcstats.com/event-details/6597b611f1c32555
"March 11, 1994","Denver, Colorado, USA",http://www.ufcstats.com/event-details/a6a9ab5a824e8f66
"March 20, 2021","Las Vegas, Nevada, USA",http://www.ufcstats.com/event-details/c36e1f4fa755ffb4
"March 13, 2021","Las Vegas, Nevada, USA",http://www.ufcstats.com/event-details/8c90c1563972e44d
"July 14, 1995","Casper, Wyoming, USA",http://www.ufcstats.com/event-details/1c3f5e85b59ec710
"September 09, 1994","Charlotte, North Carolina, USA",http://www.ufcstats.com/event-details/1a49e0670dfaca31
"April 10, 2021","Las Vegas, Nevada, USA",http://www.ufcstats.com/event-details/9114c8ded5ccd71d
"September 08, 1995","Buffalo, New York, USA",http://www.ufcstats.com/event-details/5af480a3b2e1726b
"April 07, 1995","Charlotte, North Carolina, USA",http://www.ufcstats.com/event-details/dedc3bb440d09554
"December 16, 1994","Tulsa, Oklahoma, USA",http://www.ufcstats.com/event-details/b60391da771deefe
"December 16, 1995","Denver, Colorado, USA",http://www.ufcstats.com/event-details/31bbd46d57dfbcb7
"February 16, 1996","San Juan, Puerto Rico",http://www.ufcstats.com/event-details/b63e800c18e011b5
"May 17, 1996","Detroit, Michigan, USA",http://www.ufcstats.com/event-details/a390eb8a9b2df298
"September 20, 1996","Augusta, Georgia, USA",http://www.ufcstats.com/event-details/6ceff86fae4f6b3b
"July 12, 1996","Birmingham, Alabama, USA",http://www.ufcstats.com/event-details/aee8eecfc4bfb1e7
"December 07, 1996","Birmingham, Alabama, USA",http://www.ufcstats.com/event-details/9b5b5a75523728f3
"May 30, 1997","Augusta, Georgia, USA",http://www.ufcstats.com/event-details/5bd533d50c8e7b8a
"February 07, 1997","Dothan, Alabama, USA",http://www.ufcstats.com/event-details/96eff1a628adcc7f
"October 17, 1997","Bay St. Louis, Mississippi, USA",http://www.ufcstats.com/event-details/07a18ae55dfc3cd9
"December 21, 1997","Yokohama, Kanagawa, Japan",http://www.ufcstats.com/event-details/29f935654825331b
"May 15, 1998","Mobile, Alabama, USA",http://www.ufcstats.com/event-details/4a01dc8376736ef5
"July 27, 1997","Birmingham, Alabama, USA",http://www.ufcstats.com/event-details/dc950d59dc590aca
"January 08, 1999","New Orleans, Louisiana, USA",http://www.ufcstats.com/event-details/c9bbf1a0285a8076
"May 07, 1999","Birmingham, Alabama, USA",http://www.ufcstats.com/event-details/a7b48e18ca27795d
"March 13, 1998","New Orleans, Louisiana, USA",http://www.ufcstats.com/event-details/749685d24e2cac50
"October 16, 1998","Sao Paulo, Brazil",http://www.ufcstats.com/event-details/32a3025d5db456ae
"March 05, 1999","Bay St. Louis, Mississippi, USA",http://www.ufcstats.com/event-details/a220be6d41d6f97d
"July 16, 1999","Cedar Rapids, Iowa, USA",http://www.ufcstats.com/event-details/1a1a4d7a29041d77
"November 19, 1999","Chiba, Japan",http://www.ufcstats.com/event-details/a8fa0c4e95512806
"September 24, 1999","Lake Charles, Louisiana, USA",http://www.ufcstats.com/event-details/afaad7d6a581e307
"March 10, 2000","Lake Charles, Louisiana, USA",http://www.ufcstats.com/event-details/20ec0061400178ca
"April 14, 2000","Tokyo, Japan",http://www.ufcstats.com/event-details/d2b1c1317a39f6c6
"September 22, 2000","New Orleans, Louisiana, USA",http://www.ufcstats.com/event-details/31652c9267606d54
"June 09, 2000","Cedar Rapids, Iowa, USA",http://www.ufcstats.com/event-details/cedfdf8d423d500c
"November 17, 2000","Atlantic City, New Jersey, USA",http://www.ufcstats.com/event-details/da6dfd09cca1d705
"December 16, 2000","Tokyo, Japan",http://www.ufcstats.com/event-details/08ae5cd9aef7ddd3
"June 29, 2001","East Rutherford, New Jersey, USA",http://www.ufcstats.com/event-details/7b9aa973e5c04624
"February 23, 2001","Atlantic City, New Jersey, USA",http://www.ufcstats.com/event-details/2b1587a3376ab743
"May 04, 2001","Atlantic City, New Jersey, USA",http://www.ufcstats.com/event-details/20bd6c3e03c46ee6
"September 28, 2001","Las Vegas, Nevada, USA",http://www.ufcstats.com/event-details/c75b99887c8c3f5a
"March 22, 2002","Las Vegas, Nevada, USA",http://www.ufcstats.com/event-details/02fc8f50f56eb307
"November 02, 2001","Las Vegas, Nevada, USA",http://www.ufcstats.com/event-details/4dc496aa0cfc0d95
"January 11, 2002","Uncasville, Connecticut, USA",http://www.ufcstats.com/event-details/946f341df6472ee0
"September 27, 2002","Uncasville, Connecticut, USA",http://www.ufcstats.com/event-details/0cf935519d439ba6
"June 22, 2002","Las Vegas, Nevada, USA",http://www.ufcstats.com/event-details/9ccdd2ce45903f34
"May 10, 2002","Bossier City, Louisiana, USA",http://www.ufcstats.com/event-details/9fd1f08dd4aec14a
"July 13, 2002","London, England, United Kingdom",http://www.ufcstats.com/event-details/1dc56b59cb28425d
"February 28, 2003","Atlantic City, New Jersey, USA",http://www.ufcstats.com/event-details/bba678d312590087
"November 22, 2002","Las Vegas, Nevada, USA",http://www.ufcstats.com/event-details/e06fd1260ac865a7
"April 25, 2003","Miami, Florida, USA",http://www.ufcstats.com/event-details/ae58685caf8e4a0d
"September 26, 2003","Las Vegas, Nevada, USA",http://www.ufcstats.com/event-details/c61f66d8c3fd5f07
"November 21, 2003","Uncasville, Connecticut, USA",http://www.ufcstats.com/event-details/e670f8cc2969a789
"June 06, 2003","Las Vegas, Nevada, USA",http://www.ufcstats.com/event-details/108afe61a26bcbf4
"April 02, 2004","Las Vegas, Nevada, USA",http://www.ufcstats.com/event-details/e8fb8e53bc2e29d6
"June 19, 2004","Las Vegas, Nevada, USA",http://www.ufcstats.com/event-details/429e7d3725852ce9
"January 31, 2004","Las Vegas, Nevada, USA",http://www.ufcstats.com/event-details/94609dd91731d428
"February 05, 2005","Las Vegas, Nevada, USA",http://www.ufcstats.com/event-details/85d905f7c4f5a1af
"August 21, 2004","Las Vegas, Nevada, USA",http://www.ufcstats.com/event-details/b4bc2e3353a770b5
"October 22, 2004","Atlantic City, New Jersey, USA",http://www.ufcstats.com/event-details/ce783bf73b5131f9
"April 09, 2005","Las Vegas, Nevada, USA",http://www.ufcstats.com/event-details/fbbde91f7bc2d3c5
"August 06, 2005","Las Vegas, Nevada, USA",http://www.ufcstats.com/event-details/3f24c96753dbd9f9
"June 04, 2005","Atlantic City, New Jersey, USA",http://www.ufcstats.com/event-details/d3711d3784b76255
"August 20, 2005","Las Vegas, Nevada, USA",http://www.ufcstats.com/event-details/669a3cb6e394f515
"April 16, 2005","Las Vegas, Nevada, USA",http://www.ufcstats.com/event-details/c933d423ebdbbbdb
"October 07, 2005","Uncasville, Connecticut, USA",http://www.ufcstats.com/event-details/271fe91f4ba9d2c5
"November 05, 2005","Las Vegas, Nevada, USA",http://www.ufcstats.com/event-details/31ceaf0e670c1578
"October 03, 2005","Las Vegas, Nevada, USA",http://www.ufcstats.com/event-details/efaf544314bb5c2e
"November 19, 2005","Las Vegas, Nevada, USA",http://www.ufcstats.com/event-details/c7e9d15cfce52f1d
"March 04, 2006","Las Vegas, Nevada, USA",http://www.ufcstats.com/event-details/0e9869d712e81f8f
"February 04, 2006","Las Vegas, Nevada, USA",http://www.ufcstats.com/event-details/977081bc01197656
"January 16, 2006","Las Vegas, Nevada, USA",http://www.ufcstats.com/event-details/2ee09ec2a0695eb9
"April 15, 2006","Anaheim, California, USA",http://www.ufcstats.com/event-details/03688dc3c3af3ac1
"June 28, 2006","Las Vegas, Nevada, USA",http://www.ufcstats.com/event-details/445a98acb8985970
"April 06, 2006","Las Vegas, Nevada, USA",http://www.ufcstats.com/event-details/b361180739bed4b0
"May 27, 2006","Los Angeles, California, USA",http://www.ufcstats.com/event-details/a54a35a670d8e852
"June 24, 2006","Las Vegas, Nevada, USA",http://www.ufcstats.com/event-details/1dab0d1d81dd06db
"July 08, 2006","Las Vegas, Nevada, USA",http://www.ufcstats.com/event-details/f70144caea5c4c80
"August 26, 2006","Las Vegas, Nevada, USA",http://www.ufcstats.com/event-details/f717b6002486f73f
"August 17, 2006","Las Vegas, Nevada, USA",http://www.ufcstats.com/event-details/46c8ec317aff28ac
"September 23, 2006","Anaheim, California, USA",http://www.ufcstats.com/event-details/13e62d766b709aa6
"October 10, 2006","Hollywood, Florida, USA",http://www.ufcstats.com/event-details/577ec7e108b94be3
"November 11, 2006","Las Vegas, Nevada, USA",http://www.ufcstats.com/event-details/baf942f4bcb09894
"November 18, 2006","Sacramento, California, USA",http://www.ufcstats.com/event-details/3fed746acfd026dd
"October 14, 2006","Las Vegas, Nevada, USA",http://www.ufcstats.com/event-details/13b2f59210dda9cc
"December 13, 2006","San Diego, California, USA",http://www.ufcstats.com/event-details/21b8a0f5c231096f
"January 25, 2007","Hollywood, Florida, USA",http://www.ufcstats.com/event-details/13c4313ed0f744f3
"December 30, 2006","Las Vegas, Nevada, USA",http://www.ufcstats.com/event-details/ee5df903f80c6816
"February 03, 2007","Las Vegas, Nevada, USA",http://www.ufcstats.com/event-details/63b65af1c5cb02cb
"April 05, 2007","Las Vegas, Nevada, USA",http://www.ufcstats.com/event-details/a6c2f5381d575920
"April 07, 2007","Houston, Texas, USA",http://www.ufcstats.com/event-details/c1684f00c626f4c0
"March 03, 2007","Columbus, Ohio, USA",http://www.ufcstats.com/event-details/de3ed2e152520c8d
"May 26, 2007","Las Vegas, Nevada, USA",http://www.ufcstats.com/event-details/2e04a3b4a2011b97
"April 21, 2007","Manchester, England, United Kingdom",http://www.ufcstats.com/event-details/4604ab1de9058474
"June 12, 2007","Hollywood, Florida, USA",http://www.ufcstats.com/event-details/304fcd812f12c589
"June 16, 2007","Belfast, Northern Ireland, United Kingdom",http://www.ufcstats.com/event-details/5ca158b1cc9cb242
"June 23, 2007","Las Vegas, Nevada, USA",http://www.ufcstats.com/event-details/e7ec11096eac0282
"July 07, 2007","Sacramento, California, USA",http://www.ufcstats.com/event-details/2a6f8136da1e52c0
"August 25, 2007","Las Vegas, Nevada, USA",http://www.ufcstats.com/event-details/a5c53b3ddb31cc7d
"September 08, 2007","London, England, United Kingdom",http://www.ufcstats.com/event-details/0aa92558424ced9e
"September 19, 2007","Las Vegas, Nevada, USA",http://www.ufcstats.com/event-details/f341f9551ba744e2
"October 20, 2007","Cincinnati, Ohio, USA",http://www.ufcstats.com/event-details/91181b29be041f1c
"September 22, 2007","Anaheim, California, USA",http://www.ufcstats.com/event-details/bad28b7b34f334de
"December 08, 2007","Las Vegas, Nevada, USA",http://www.ufcstats.com/event-details/df85d6ec3493d120
"November 17, 2007","Newark, New Jersey, USA",http://www.ufcstats.com/event-details/1d147d4163a6989b
"January 23, 2008","Las Vegas, Nevada, USA",http://www.ufcstats.com/event-details/33e33d51f289d2a1
"December 29, 2007","Las Vegas, Nevada, USA",http://www.ufcstats.com/event-details/7269329bd87eb479
"January 19, 2008","Newcastle, England, United Kingdom",http://www.ufcstats.com/event-details/a24e080000fa7a35
"March 01, 2008","Columbus, Ohio, USA",http://www.ufcstats.com/event-details/598a58db87b890ee
"April 02, 2008","Broomfield, Colorado, USA",http://www.ufcstats.com/event-details/b9e871af730f826c
"February 02, 2008","Las Vegas, Nevada, USA",http://www.ufcstats.com/event-details/597db668b01c442c
"April 19, 2008","Montreal, Quebec, Canada",http://www.ufcstats.com/event-details/ad047e3073a775f3
"May 24, 2008","Las Vegas, Nevada, USA",http://www.ufcstats.com/event-details/2549d63da9c456cb
"June 07, 2008","London, England, United Kingdom",http://www.ufcstats.com/event-details/2efbc83a6b9b7f86
"July 05, 2008","Las Vegas, Nevada, USA",http://www.ufcstats.com/event-details/bf12aca029bfcc47
"June 21, 2008","Las Vegas, Nevada, USA",http://www.ufcstats.com/event-details/2299605af59fd309
"July 19, 2008","Las Vegas, Nevada, USA",http://www.ufcstats.com/event-details/46f11d15c0134fe3
"September 06, 2008","Atlanta, Georgia, USA",http://www.ufcstats.com/event-details/0db70ca89e1c7374
"October 18, 2008","Birmingham, England, United Kingdom",http://www.ufcstats.com/event-details/312f47c3d2f83ffa
"September 17, 2008","Omaha, Nebraska, USA",http://www.ufcstats.com/event-details/279093302a6f44b3
"August 09, 2008","Minneapolis, Minnesota, USA",http://www.ufcstats.com/event-details/19ffeb5e3fffd6d5
"November 15, 2008","Las Vegas, Nevada, USA",http://www.ufcstats.com/event-details/a2b06ca02bca14c0
"October 25, 2008","Rosemont, Illinois, USA",http://www.ufcstats.com/event-details/c670aa48827d6be6
"December 10, 2008","Fayetteville, North Carolina, USA",http://www.ufcstats.com/event-details/30cd319d39ee689b
"December 13, 2008","Las Vegas, Nevada, USA",http://www.ufcstats.com/event-details/ea398c802d9998ee
"January 17, 2009","Dublin, Leinster, Ireland",http://www.ufcstats.com/event-details/68c6cd5287b473a7
"December 27, 2008","Las Vegas, Nevada, USA",http://www.ufcstats.com/event-details/23ab42947c1990e3
"January 31, 2009","Las Vegas, Nevada, USA",http://www.ufcstats.com/event-details/2a542ee8a8b83559
"February 21, 2009","London, England, United Kingdom",http://www.ufcstats.com/event-details/7d21de9c6d7c98b2
"February 07, 2009","Tampa, Florida, USA",http://www.ufcstats.com/event-details/d1759b2b7be9be56
"March 07, 2009","Columbus, Ohio, USA",http://www.ufcstats.com/event-details/29b5791e51e7e832
"April 18, 2009","Montreal, Quebec, Canada",http://www.ufcstats.com/event-details/1652f3213655b935
"May 23, 2009","Las Vegas, Nevada, USA",http://www.ufcstats.com/event-details/c4b6099f0d25f75e
"June 20, 2009","Las Vegas, Nevada, USA",http://www.ufcstats.com/event-details/4908c5ee68a50ee5
"April 01, 2009","Nashville, Tennessee, USA",http://www.ufcstats.com/event-details/04d5718ed2661e8c
"July 11, 2009","Las Vegas, Nevada, USA",http://www.ufcstats.com/event-details/0ee783aa00e468f0
"August 08, 2009","Philadelphia, Pennsylvania, USA",http://www.ufcstats.com/event-details/48d1f690b763934c
"June 13, 2009","Cologne, North Rhine-Westphalia, Germany",http://www.ufcstats.com/event-details/cb6783c39c01d896
"September 16, 2009","Oklahoma City, Oklahoma, USA",http://www.ufcstats.com/event-details/a8ea84cbe1655f0a
"August 29, 2009","Portland, Oregon, USA",http://www.ufcstats.com/event-details/c6a33ff198aaaeeb
"September 19, 2009","Dallas, Texas, USA",http://www.ufcstats.com/event-details/896c322f56b8be5a
"November 14, 2009","Manchester, England, United Kingdom",http://www.ufcstats.com/event-details/fa8b9e6b0c2269f8
"November 21, 2009","Las Vegas, Nevada, USA",http://www.ufcstats.com/event-details/84a067c46306a737
"October 24, 2009","Los Angeles, California, USA",http://www.ufcstats.com/event-details/7c0847d3854a95f2
"January 02, 2010","Las Vegas, Nevada, USA",http://www.ufcstats.com/event-details/a6d8bfe9e0c8153b
"December 12, 2009","Memphis, Tennessee, USA",http://www.ufcstats.com/event-details/821cd80aab70d5f9
"February 20, 2010","Sydney, New South Wales, Australia",http://www.ufcstats.com/event-details/49efbdc6c9f650c4
"December 05, 2009","Las Vegas, Nevada, USA",http://www.ufcstats.com/event-details/91d73ee59347ac16
"January 11, 2010","Fairfax, Virginia, USA",http://www.ufcstats.com/event-details/58bc81376286b3d3
"February 06, 2010","Las Vegas, Nevada, USA",http://www.ufcstats.com/event-details/15edcf67ccf5be84
"March 21, 2010","Broomfield, Colorado, USA",http://www.ufcstats.com/event-details/3795fca327cbcf23
"April 10, 2010","Abu Dhabi, United Arab Emirates",http://www.ufcstats.com/event-details/24b033b3daf1c9df
"March 27, 2010","Newark, New Jersey, USA",http://www.ufcstats.com/event-details/c80095f6092271a7
"March 31, 2010","Charlotte, North Carolina, USA",http://www.ufcstats.com/event-details/3ed134d85dfbd7b4
"May 08, 2010","Montreal, Quebec, Canada",http://www.ufcstats.com/event-details/d0c29452d3272603
"June 12, 2010","Vancouver, British Columbia, Canada",http://www.ufcstats.com/event-details/cfb65863d5099327
"June 19, 2010","Las Vegas, Nevada, USA",http://www.ufcstats.com/event-details/9bcf8603ceb25680
"May 29, 2010","Las Vegas, Nevada, USA",http://www.ufcstats.com/event-details/bfc2fc38a0e20211
"August 01, 2010","San Diego, California, USA",http://www.ufcstats.com/event-details/f12f979b657ab876
"August 07, 2010","Oakland, California, USA",http://www.ufcstats.com/event-details/2f3f12002564bb55
"July 03, 2010","Las Vegas, Nevada, USA",http://www.ufcstats.com/event-details/140745cbbcb023ac
"August 28, 2010","Boston, Massachusetts, USA",http://www.ufcstats.com/event-details/054defd5420a551f
"September 15, 2010","Austin, Texas, USA",http://www.ufcstats.com/event-details/acff437707625fc7
"October 16, 2010","London, England, United Kingdom",http://www.ufcstats.com/event-details/d512d9f204059f57
"September 25, 2010","Indianapolis, Indiana, USA",http://www.ufcstats.com/event-details/ad32471f01e7b1a5
"November 13, 2010","Oberhausen, North Rhine-Westphalia, Germany",http://www.ufcstats.com/event-details/0ff11cc094e887bc
"November 20, 2010","Auburn Hills, Michigan, USA",http://www.ufcstats.com/event-details/dd992d569aaebee6
"October 23, 2010","Anaheim, California, USA",http://www.ufcstats.com/event-details/afdb76fbd86f6d11
"December 04, 2010","Las Vegas, Nevada, USA",http://www.ufcstats.com/event-details/5d7bdab5e03e3216
"January 01, 2011","Las Vegas, Nevada, USA",http://www.ufcstats.com/event-details/d1152823307d7e7c
"January 22, 2011","Killeen, Texas, USA",http://www.ufcstats.com/event-details/282fa667ff9c51ed
"February 26, 2011","Sydney, New South Wales, Australia",http://www.ufcstats.com/event-details/88a9bc81271ccd89
"February 05, 2011","Las Vegas, Nevada, USA",http://www.ufcstats.com/event-details/65ddc8a9ac4e8531
"December 11, 2010","Montreal, Quebec, Canada",http://www.ufcstats.com/event-details/132f860d02953f4c
"March 19, 2011","Newark, New Jersey, USA",http://www.ufcstats.com/event-details/1411c630ba711b64
"March 26, 2011","Seattle, Washington, USA",http://www.ufcstats.com/event-details/8a59d346dc976a10
"March 03, 2011","Louisville, Kentucky, USA",http://www.ufcstats.com/event-details/a54fc2d6fc224dc3
"May 28, 2011","Las Vegas, Nevada, USA",http://www.ufcstats.com/event-details/b732b326c362fb62
"April 30, 2011","Toronto, Ontario, Canada",http://www.ufcstats.com/event-details/2db7fa8db6bc9632
"June 04, 2011","Las Vegas, Nevada, USA",http://www.ufcstats.com/event-details/3ba3b5cc94498437
"June 26, 2011","Pittsburgh, Pennsylvania, USA",http://www.ufcstats.com/event-details/d023ae89a2a4a41e
"June 11, 2011","Vancouver, British Columbia, Canada",http://www.ufcstats.com/event-details/aac5ac38148f0528
"August 06, 2011","Philadelphia, Pennsylvania, USA",http://www.ufcstats.com/event-details/f1f9e48a0d150757
"July 02, 2011","Las Vegas, Nevada, USA",http://www.ufcstats.com/event-details/83fd97284f4bb4a4
"September 17, 2011","New Orleans, Louisiana, USA",http://www.ufcstats.com/event-details/1ffc38f67785797b
"August 14, 2011","Milwaukee, Wisconsin, USA",http://www.ufcstats.com/event-details/4c8d6fde2dde07c4
"September 24, 2011","Denver, Colorado, USA",http://www.ufcstats.com/event-details/73ef22f25d0f70e2
"August 27, 2011","Rio de Janeiro, Brazil",http://www.ufcstats.com/event-details/18968f97ad34f15c
"October 29, 2011","Las Vegas, Nevada, USA",http://www.ufcstats.com/event-details/8788beb528894f33
"October 08, 2011","Houston, Texas, USA",http://www.ufcstats.com/event-details/7d5b12de1625984e
"October 01, 2011","Washington, DC, USA",http://www.ufcstats.com/event-details/44f9c777fed7ca03
"November 05, 2011","Birmingham, England, United Kingdom",http://www.ufcstats.com/event-details/e780ccc79a209985
"November 19, 2011","San Jose, California, USA",http://www.ufcstats.com/event-details/0ec821423baa26bd
"December 03, 2011","Las Vegas, Nevada, USA",http://www.ufcstats.com/event-details/1f5f75658551f2d3
"November 12, 2011","Anaheim, California, USA",http://www.ufcstats.com/event-details/1c061eb6e29eaa0a
"December 10, 2011","Toronto, Ontario, Canada",http://www.ufcstats.com/event-details/6d7886b094b471ac
"December 30, 2011","Las Vegas, Nevada, USA",http://www.ufcstats.com/event-details/91720876db0ee468
"January 28, 2012","Chicago, Illinois, USA",http://www.ufcstats.com/event-details/c3c23c99477c041b
"January 14, 2012","Rio de Janeiro, Brazil",http://www.ufcstats.com/event-details/18524b46c570730b
"January 20, 2012","Nashville, Tennessee, USA",http://www.ufcstats.com/event-details/4d74641fac830182
"February 25, 2012","Saitama, Japan",http://www.ufcstats.com/event-details/8377c5572cb356f3
"February 04, 2012","Las Vegas, Nevada, USA",http://www.ufcstats.com/event-details/df2cf66d8c0123db
"February 15, 2012","Omaha, Nebraska, USA",http://www.ufcstats.com/event-details/0a97691039c4bbfb
"April 14, 2012","Stockholm, Sweden",http://www.ufcstats.com/event-details/21f2974fd08085e3
"April 21, 2012","Atlanta, Georgia, USA",http://www.ufcstats.com/event-details/155bfc7ed36622df
"March 02, 2012","Sydney, New South Wales, Australia",http://www.ufcstats.com/event-details/b5ea750025697880
"May 05, 2012","East Rutherford, New Jersey, USA",http://www.ufcstats.com/event-details/5898357a45a73674
"June 01, 2012","Las Vegas, Nevada, USA",http://www.ufcstats.com/event-details/96087e90d900f0ef
"May 15, 2012","Fairfax, Virginia, USA",http://www.ufcstats.com/event-details/8caca5857ce0e30b
"June 22, 2012","Atlantic City, New Jersey, USA",http://www.ufcstats.com/event-details/505934897b8b4824
"June 08, 2012","Sunrise, Florida, USA",http://www.ufcstats.com/event-details/49590e0508b2c19f
"June 23, 2012","Belo Horizonte, Minas Gerais, Brazil",http://www.ufcstats.com/event-details/3da19339ee7051d5
"May 26, 2012","Las Vegas, Nevada, USA",http://www.ufcstats.com/event-details/4985113c0928aa62
"August 04, 2012","Los Angeles, California, USA",http://www.ufcstats.com/event-details/f62850b3c7480db9
"July 07, 2012","Las Vegas, Nevada, USA",http://www.ufcstats.com/event-details/e8efeb9cf33b1941
"July 21, 2012","Calgary, Alberta, Canada",http://www.ufcstats.com/event-details/abbc4fc02e0d84b3
"August 11, 2012","Denver, Colorado, USA",http://www.ufcstats.com/event-details/3c48019bc387b80c
"September 29, 2012","Nottingham, England, United Kingdom",http://www.ufcstats.com/event-details/6cbb7661c3258617
"July 11, 2012","San Jose, California, USA",http://www.ufcstats.com/event-details/d3b5ad3b15a64a18
"September 22, 2012","Toronto, Ontario, Canada",http://www.ufcstats.com/event-details/53e533db1b8e9712
"October 05, 2012","Minneapolis, Minnesota, USA",http://www.ufcstats.com/event-details/6a0b80a24f22e152
"November 10, 2012","Macau, China",http://www.ufcstats.com/event-details/319fa1bd3176bded
"December 08, 2012","Seattle, Washington, USA",http://www.ufcstats.com/event-details/d1e6a6536ee62517
"December 14, 2012","Gold Coast, Queensland, Australia",http://www.ufcstats.com/event-details/e8c170a64dc920ac
"November 17, 2012","Montreal, Quebec, Canada",http://www.ufcstats.com/event-details/d41937647eae9a34
"January 19, 2013","Sao Paulo, Brazil",http://www.ufcstats.com/event-details/56f4b81ec4db61af
"October 13, 2012","Rio de Janeiro, Brazil",http://www.ufcstats.com/event-details/96d173b7f92aa520
"December 15, 2012","Las Vegas, Nevada, USA",http://www.ufcstats.com/event-details/c6da1c24fe473418
"January 26, 2013","Chicago, Illinois, USA",http://www.ufcstats.com/event-details/738acab0c6934dd8
"February 23, 2013","Anaheim, California, USA",http://www.ufcstats.com/event-details/09c44b317c98bf96
"December 29, 2012","Las Vegas, Nevada, USA",http://www.ufcstats.com/event-details/c6e6926a81adcd00
"February 02, 2013","Las Vegas, Nevada, USA",http://www.ufcstats.com/event-details/601cf40c09090853
"February 16, 2013","London, England, United Kingdom",http://www.ufcstats.com/event-details/4679a38cced7c64a
"March 02, 2013","Saitama, Japan",http://www.ufcstats.com/event-details/83c6c3e0f8bde8ee
"April 06, 2013","Stockholm, Sweden",http://www.ufcstats.com/event-details/6291ac0a3726732f
"March 16, 2013","Montreal, Quebec, Canada",http://www.ufcstats.com/event-details/f1b2a4365799c48b
"April 13, 2013","Las Vegas, Nevada, USA",http://www.ufcstats.com/event-details/ce47f49e5c386a9c
"April 20, 2013","San Jose, California, USA",http://www.ufcstats.com/event-details/aa79d5399571068e
"May 18, 2013","Jaragua do Sul, Santa Catarina, Brazil",http://www.ufcstats.com/event-details/030f08370fd1c2bb
"June 08, 2013","Fortaleza, Ceara, Brazil",http://www.ufcstats.com/event-details/7865707fd684d77b
"April 27, 2013","Newark, New Jersey, USA",http://www.ufcstats.com/event-details/ea0ad155451ed1f5
"July 06, 2013","Las Vegas, Nevada, USA",http://www.ufcstats.com/event-details/e0b74df14f52cd15
"June 15, 2013","Winnipeg, Manitoba, Canada",http://www.ufcstats.com/event-details/8fd1f27e86661ede
"May 25, 2013","Las Vegas, Nevada, USA",http://www.ufcstats.com/event-details/3c241737a6069b9f
"August 03, 2013","Rio de Janeiro, Brazil",http://www.ufcstats.com/event-details/ebc5af72ad5a28cb
"July 27, 2013","Seattle, Washington, USA",http://www.ufcstats.com/event-details/5330fe7e4c3af81c
"August 17, 2013","Boston, Massachusetts, USA",http://www.ufcstats.com/event-details/cf1a88371c8cb690
"August 28, 2013","Indianapolis, Indiana, USA",http://www.ufcstats.com/event-details/e5c38954c006f15c
"August 31, 2013","Milwaukee, Wisconsin, USA",http://www.ufcstats.com/event-details/980b4e712489098e
"September 21, 2013","Toronto, Ontario, Canada",http://www.ufcstats.com/event-details/df5a77121ba84a5d
"October 09, 2013","Barueri, Sao Paulo, Brazil",http://www.ufcstats.com/event-details/43612456979e5d5e
"October 19, 2013","Houston, Texas, USA",http://www.ufcstats.com/event-details/eae4aec1a5a8ff01
"September 04, 2013","Belo Horizonte, Minas Gerais, Brazil",http://www.ufcstats.com/event-details/b23fca14c7b79935
"October 26, 2013","Manchester, England, United Kingdom",http://www.ufcstats.com/event-details/60884f31ead1609c
"November 09, 2013","Goiania, Goias, Brazil",http://www.ufcstats.com/event-details/5d7c18191b8aa432
"November 16, 2013","Las Vegas, Nevada, USA",http://www.ufcstats.com/event-details/28f3c2258a1d8874
"November 06, 2013","Fort Campbell, Kentucky, USA",http://www.ufcstats.com/event-details/35dc6220b113b7ec
"December 06, 2013","Brisbane, Queensland, Australia",http://www.ufcstats.com/event-details/ee457ef1e1c326c1
"November 30, 2013","Las Vegas, Nevada, USA",http://www.ufcstats.com/event-details/9a967e8e43dcef63
"December 28, 2013","Las Vegas, Nevada, USA",http://www.ufcstats.com/event-details/83d0de122f2f9664
"January 04, 2014","Singapore, Singapore",http://www.ufcstats.com/event-details/e5c9de15bb58b1c6
"January 25, 2014","Chicago, Illinois, USA",http://www.ufcstats.com/event-details/a8d521d913df4e31
"December 14, 2013","Sacramento, California, USA",http://www.ufcstats.com/event-details/480b702debcb5433
"January 15, 2014","Duluth, Georgia, USA",http://www.ufcstats.com/event-details/30a09e43f15f1d75
"February 15, 2014","Jaragua do Sul, Santa Catarina, Brazil",http://www.ufcstats.com/event-details/51b0bb73a1da34bc
"February 01, 2014","Newark, New Jersey, USA",http://www.ufcstats.com/event-details/fc31f896cde2bc2e
"March 01, 2014","Macau, China",http://www.ufcstats.com/event-details/a26198ba5093147e
"February 22, 2014","Las Vegas, Nevada, USA",http://www.ufcstats.com/event-details/3138fab619faf4d1
"March 23, 2014","Natal, Rio Grande do Norte, Brazil",http://www.ufcstats.com/event-details/d5f820c11a121050
"March 15, 2014","Dallas, Texas, USA",http://www.ufcstats.com/event-details/179f1948dc234f1f
"April 11, 2014","Abu Dhabi, United Arab Emirates",http://www.ufcstats.com/event-details/d632d156c0549e07
"March 08, 2014","London, England, United Kingdom",http://www.ufcstats.com/event-details/ebc1f40e00e0c481
"April 19, 2014","Orlando, Florida, USA",http://www.ufcstats.com/event-details/a421465acbe59c77
"April 26, 2014","Baltimore, Maryland, USA",http://www.ufcstats.com/event-details/4f2fcbefb668689d
"April 16, 2014","Quebec City, Quebec, Canada",http://www.ufcstats.com/event-details/f9f07bb5a43535ed
"May 10, 2014","Cincinnati, Ohio, USA",http://www.ufcstats.com/event-details/579fcdfcabd23a7b
"May 24, 2014","Las Vegas, Nevada, USA",http://www.ufcstats.com/event-details/9ca265dfe8323db3
"May 31, 2014","Berlin, Germany",http://www.ufcstats.com/event-details/b757c73f443d4fca
"May 31, 2014","Sao Paulo, Brazil",http://www.ufcstats.com/event-details/59aaf2730b84698a
"June 14, 2014","Vancouver, British Columbia, Canada",http://www.ufcstats.com/event-details/5b5307450405abf0
"July 06, 2014","Las Vegas, Nevada, USA",http://www.ufcstats.com/event-details/1c5879330d42255f
"June 07, 2014","Albuquerque, New Mexico, USA",http://www.ufcstats.com/event-details/1fcfc3709fe58151
"July 05, 2014","Las Vegas, Nevada, USA",http://www.ufcstats.com/event-details/53adf5b845d91e4a
"June 28, 2014","Auckland, New Zealand",http://www.ufcstats.com/event-details/ac9521250dc1a14c
"June 28, 2014","San Antonio, Texas, USA",http://www.ufcstats.com/event-details/c0ed7b208197e8de
"July 16, 2014","Atlantic City, New Jersey, USA",http://www.ufcstats.com/event-details/79ded75550efc139
"July 19, 2014","Dublin, Leinster, Ireland",http://www.ufcstats.com/event-details/073eee4e62f0d988
"August 23, 2014","Macau, China",http://www.ufcstats.com/event-details/770b9d4813c25902
"July 26, 2014","San Jose, California, USA",http://www.ufcstats.com/event-details/05fbfe628658c538
"August 23, 2014","Tulsa, Oklahoma, USA",http://www.ufcstats.com/event-details/063649e21bc9d6d5
"August 16, 2014","Bangor, Maine, USA",http://www.ufcstats.com/event-details/fd7acf42bd6e7e95
"August 30, 2014","Sacramento, California, USA",http://www.ufcstats.com/event-details/269d103c96a4c3a5
"September 13, 2014","Brasilia, Distrito Federal, Brazil",http://www.ufcstats.com/event-details/a71feb7ea7592a71
"September 05, 2014","Ledyard, Connecticut, USA",http://www.ufcstats.com/event-details/9bcfb40dbcd50568
"September 27, 2014","Las Vegas, Nevada, USA",http://www.ufcstats.com/event-details/3bb030257966b022
"October 04, 2014","Stockholm, Sweden",http://www.ufcstats.com/event-details/8dc4f34c1f50d00d
"September 20, 2014","Saitama, Japan",http://www.ufcstats.com/event-details/2dea80c069847321
"October 04, 2014","Halifax, Nova Scotia, Canada",http://www.ufcstats.com/event-details/0313bf497de9c470
"November 07, 2014","Sydney, New South Wales, Australia",http://www.ufcstats.com/event-details/371a1c91b24dec2b
"October 25, 2014","Rio de Janeiro, Brazil",http://www.ufcstats.com/event-details/53f02bbc41d99432
"November 08, 2014","Uberlandia, Minas Gerais, Brazil",http://www.ufcstats.com/event-details/6ca68b636fbc1f18
"November 15, 2014","Mexico City, Distrito Federal, Mexico",http://www.ufcstats.com/event-details/59851163aaf1aed8
"December 06, 2014","Las Vegas, Nevada, USA",http://www.ufcstats.com/event-details/dfdd0c5dd0d4bc23
"December 12, 2014","Las Vegas, Nevada, USA",http://www.ufcstats.com/event-details/222d6b547de2e035
"December 13, 2014","Phoenix, Arizona, USA",http://www.ufcstats.com/event-details/d4a12dfa4067742f
"January 18, 2015","Boston, Massachusetts, USA",http://www.ufcstats.com/event-details/f9aa6376ae16bfb4
"January 03, 2015","Las Vegas, Nevada, USA",http://www.ufcstats.com/event-details/a72d260b436924c4
"December 20, 2014","Barueri, Sao Paulo, Brazil",http://www.ufcstats.com/event-details/4e5bbc4566049cbf
"November 22, 2014","Austin, Texas, USA",http://www.ufcstats.com/event-details/155a02a8b4311057
"February 14, 2015","Broomfield, Colorado, USA",http://www.ufcstats.com/event-details/f9c7fe2682af3802
"February 22, 2015","Porto Alegre, Rio Grande do Sul, Brazil",http://www.ufcstats.com/event-details/0577808d22dfe79c
"January 24, 2015","Stockholm, Sweden",http://www.ufcstats.com/event-details/706404da0775dcbc
"January 31, 2015","Las Vegas, Nevada, USA",http://www.ufcstats.com/event-details/43563a32c3f10e95
"February 28, 2015","Los Angeles, California, USA",http://www.ufcstats.com/event-details/ad4e9055bf8cd04d
"April 11, 2015","Krakow, Poland",http://www.ufcstats.com/event-details/5de61b03868035ff
"March 21, 2015","Rio de Janeiro, Brazil",http://www.ufcstats.com/event-details/fa534853eb195270
"March 14, 2015","Dallas, Texas, USA",http://www.ufcstats.com/event-details/f54200f1dfb9b5d4
"April 18, 2015","Newark, New Jersey, USA",http://www.ufcstats.com/event-details/bc7cf284c1c2f16e
"April 25, 2015","Montreal, Quebec, Canada",http://www.ufcstats.com/event-details/997b4f52f76a0b53
"April 04, 2015","Fairfax, Virginia, USA",http://www.ufcstats.com/event-details/16d09e800ad7ec79
"May 16, 2015","Manila, Philippines",http://www.ufcstats.com/event-details/b1605ea39fba6af6
"May 23, 2015","Las Vegas, Nevada, USA",http://www.ufcstats.com/event-details/4f7e290e71d60f87
"June 13, 2015","Mexico City, Distrito Federal, Mexico",http://www.ufcstats.com/event-details/a58114c6dd0add64
"May 09, 2015","Adelaide, South Australia, Australia",http://www.ufcstats.com/event-details/8a1b4330c7957961
"May 30, 2015","Goiania, Goias, Brazil",http://www.ufcstats.com/event-details/aae0897825336b1a
"June 20, 2015","Berlin, Berlin, Germany",http://www.ufcstats.com/event-details/194fc025f9355db6
"June 27, 2015","Hollywood, Florida, USA",http://www.ufcstats.com/event-details/86e388ed20761ad9
"June 06, 2015","New Orleans, Louisiana, USA",http://www.ufcstats.com/event-details/06dc1a58663579d2
"July 11, 2015","Las Vegas, Nevada, USA",http://www.ufcstats.com/event-details/3be081c29bf734d9
"July 12, 2015","Las Vegas, Nevada, USA",http://www.ufcstats.com/event-details/a890f9a791ed615d
"July 18, 2015","Glasgow, Scotland, United Kingdom",http://www.ufcstats.com/event-details/ef7fa30364cbe7f2
"July 25, 2015","Chicago, Illinois, USA",http://www.ufcstats.com/event-details/0c3838c8f7c620c2
"July 15, 2015","San Diego, California, USA",http://www.ufcstats.com/event-details/36877f0e62b25b96
"August 01, 2015","Rio de Janeiro, Rio de Janeiro, Brazil",http://www.ufcstats.com/event-details/a9c45a8b21eabadc
"August 08, 2015","Nashville, Tennessee, USA",http://www.ufcstats.com/event-details/b71667c778b6d9e5
"August 23, 2015","Saskatoon, Saskatchewan, Canada",http://www.ufcstats.com/event-details/2ce6541127b0e232
"September 05, 2015","Las Vegas, Nevada, USA",http://www.ufcstats.com/event-details/82f5c81f4e3c3eb5
"September 26, 2015","Saitama, Japan",http://www.ufcstats.com/event-details/a4dd5c9a75763295
"October 03, 2015","Houston, Texas, USA",http://www.ufcstats.com/event-details/119ebea97e914dcf
"October 24, 2015","Dublin, Leinster, Ireland",http://www.ufcstats.com/event-details/f3155a94ca420126
"November 14, 2015","Melbourne, Victoria, Australia",http://www.ufcstats.com/event-details/8d04923f2db59b7f
"November 07, 2015","Sao Paulo, Sao Paulo, Brazil",http://www.ufcstats.com/event-details/5345f86680378fc1
"November 21, 2015","Monterrey, Nuevo Leon, Mexico",http://www.ufcstats.com/event-details/243b07fc65ccbb16
"December 10, 2015","Las Vegas, Nevada, USA",http://www.ufcstats.com/event-details/dd39f1ca787a3d9d
"November 28, 2015","Seoul, South Korea",http://www.ufcstats.com/event-details/4d636c3aa1105950
"December 12, 2015","Las Vegas, Nevada, USA",http://www.ufcstats.com/event-details/354808cf38d9d73c
"January 02, 2016","Las Vegas, Nevada, USA",http://www.ufcstats.com/event-details/380e8b023290d091
"December 11, 2015","Las Vegas, Nevada, USA",http://www.ufcstats.com/event-details/20fbff570c678e1c
"January 17, 2016","Boston, Massachusetts, USA",http://www.ufcstats.com/event-details/c6becb722706c7d8
"January 30, 2016","Newark, New Jersey, USA",http://www.ufcstats.com/event-details/b3fb8d2293e17a59
"February 06, 2016","Las Vegas, Nevada, USA",http://www.ufcstats.com/event-details/de99da2c0d18d34a
"March 19, 2016","Brisbane, Queensland, Australia",http://www.ufcstats.com/event-details/e60201cfab7d656d
"December 19, 2015","Orlando, Florida, USA",http://www.ufcstats.com/event-details/80d918336163b80c
"February 21, 2016","Pittsburgh, Pennsylvania, USA",http://www.ufcstats.com/event-details/d56bb6dff2ae77eb
"February 27, 2016","London, England, United Kingdom",http://www.ufcstats.com/event-details/39c568f8c579913e
"March 05, 2016","Las Vegas, Nevada, USA",http://www.ufcstats.com/event-details/db1f2ed63b54b9a7
"April 16, 2016","Tampa, Florida, USA",http://www.ufcstats.com/event-details/e7e970d508529bf3
"April 10, 2016","Zagreb, Croatia",http://www.ufcstats.com/event-details/4887e5bc4dbb73ff
"May 14, 2016","Curitiba, Parana, Brazil",http://www.ufcstats.com/event-details/a4bf17bd3ba3423b
"April 23, 2016","Las Vegas, Nevada, USA",http://www.ufcstats.com/event-details/3d481aa374c954a1
"May 08, 2016","Rotterdam, Zuid-Holland, Netherlands",http://www.ufcstats.com/event-details/a314687f372b2cec
"June 04, 2016","Los Angeles, California, USA",http://www.ufcstats.com/event-details/ff4c3ab594c7fac3
"May 29, 2016","Las Vegas, Nevada, USA",http://www.ufcstats.com/event-details/990060b2a68a7b82
"July 07, 2016","Las Vegas, Nevada, USA",http://www.ufcstats.com/event-details/45a2ba3ef82b9700
"June 18, 2016","Ottawa, Ontario, Canada",http://www.ufcstats.com/event-details/563d051c9e769b24
"July 08, 2016","Las Vegas, Nevada, USA",http://www.ufcstats.com/event-details/cd42bbe8887bba90
"July 09, 2016","Las Vegas, Nevada, USA",http://www.ufcstats.com/event-details/aa5b4eff51bdc7d1
"July 30, 2016","Atlanta, Georgia, USA",http://www.ufcstats.com/event-details/72cbe507644a587c
"July 13, 2016","Sioux Falls, South Dakota, USA",http://www.ufcstats.com/event-details/5e7a28f20927d64a
"August 06, 2016","Salt Lake City, Utah, USA",http://www.ufcstats.com/event-details/232c582f29f8f65e
"July 23, 2016","Chicago, Illinois, USA",http://www.ufcstats.com/event-details/8a028648f3f0761d
"August 20, 2016","Las Vegas, Nevada, USA",http://www.ufcstats.com/event-details/5da4e8dc02e50ac0
"September 10, 2016","Cleveland, Ohio, USA",http://www.ufcstats.com/event-details/2dc7f1762dc0a7ef
"August 27, 2016","Vancouver, British Columbia, Canada",http://www.ufcstats.com/event-details/cfbccfed4e4796fe
"September 03, 2016","Hamburg, Hamburg, Germany",http://www.ufcstats.com/event-details/2b4faacc16d66898
"September 17, 2016","Hidalgo, Texas, USA",http://www.ufcstats.com/event-details/d6455cb4bee503ce
"November 05, 2016","Mexico City, Distrito Federal, Mexico",http://www.ufcstats.com/event-details/6083f497c22cc075
"October 01, 2016","Portland, Oregon, USA",http://www.ufcstats.com/event-details/a196332ee4aa8a82
"September 24, 2016","Brasilia, Distrito Federal, Brazil",http://www.ufcstats.com/event-details/e18012194473e8b0
"November 19, 2016","Belfast, Northern Ireland, United Kingdom",http://www.ufcstats.com/event-details/6810d8d2dd557cf9
"October 08, 2016","Manchester, England, United Kingdom",http://www.ufcstats.com/event-details/154a6b3ffae264cd
"November 26, 2016","Melbourne, Victoria, Australia",http://www.ufcstats.com/event-details/73e09f837f3b5ecc
"November 12, 2016","New York City, New York, USA",http://www.ufcstats.com/event-details/4956f60b7fa57c1a
"November 19, 2016","Sao Paulo, Sao Paulo, Brazil",http://www.ufcstats.com/event-details/5cde96e0a1a1fffe
"December 10, 2016","Toronto, Ontario, Canada",http://www.ufcstats.com/event-details/6e3282d57d2467a0
"December 17, 2016","Sacramento, California, USA",http://www.ufcstats.com/event-details/32541eb5d12668b4
"December 09, 2016","Albany, New York, USA",http://www.ufcstats.com/event-details/7139cd2ae4bf6a29
"December 03, 2016","Las Vegas, Nevada, USA",http://www.ufcstats.com/event-details/bd4389b71fdc0ce2
"January 28, 2017","Denver, Colorado, USA",http://www.ufcstats.com/event-details/4512e46543b960ad
"February 11, 2017","Brooklyn, New York, USA",http://www.ufcstats.com/event-details/865aa315ea62c511
"December 30, 2016","Las Vegas, Nevada, USA",http://www.ufcstats.com/event-details/4b2390cfaceb91d8
"January 15, 2017","Phoenix, Arizona, USA",http://www.ufcstats.com/event-details/46effbd1135423c5
"March 04, 2017","Las Vegas, Nevada, USA",http://www.ufcstats.com/event-details/20e403a1acfef130
"February 04, 2017","Houston, Texas, USA",http://www.ufcstats.com/event-details/6a8a06b542e1516d
"February 19, 2017","Halifax, Nova Scotia, Canada",http://www.ufcstats.com/event-details/b4ad3a06ee4d660c
"March 11, 2017","Fortaleza, Ceara, Brazil",http://www.ufcstats.com/event-details/47b7e4e60813b7b2
"March 18, 2017","London, England, United Kingdom",http://www.ufcstats.com/event-details/c0231720fe516994
"April 15, 2017","Kansas City, Missouri, USA",http://www.ufcstats.com/event-details/ed069a95aaaf4f56
"April 08, 2017","Buffalo, New York, USA",http://www.ufcstats.com/event-details/e7bfdb5e0112891e
"April 22, 2017","Nashville, Tennessee, USA",http://www.ufcstats.com/event-details/bc7f7f0ba3db74d2
"May 28, 2017","Stockholm, Sweden",http://www.ufcstats.com/event-details/1c7cce2f5c17160d
"May 13, 2017","Dallas, Texas, USA",http://www.ufcstats.com/event-details/5df10509264586e5
"June 03, 2017","Rio de Janeiro, Rio de Janeiro, Brazil",http://www.ufcstats.com/event-details/1507214bbc7a79e2
"June 17, 2017","Kallang, Singapore",http://www.ufcstats.com/event-details/353de740bb6c7e75
"June 10, 2017","Auckland, New Zealand",http://www.ufcstats.com/event-details/90e7447d8b7f3f35
"June 25, 2017","Oklahoma City, Oklahoma, USA",http://www.ufcstats.com/event-details/99bf06f20491cb54
"July 07, 2017","Las Vegas, Nevada, USA",http://www.ufcstats.com/event-details/23bd78c3f89bdb54
"July 08, 2017","Las Vegas, Nevada, USA",http://www.ufcstats.com/event-details/686cccbf1a4de453
"July 22, 2017","Uniondale, New York, USA",http://www.ufcstats.com/event-details/9f3d6ddef3d3cccc
"July 16, 2017","Glasgow, Scotland, United Kingdom",http://www.ufcstats.com/event-details/d7907a9a968e4d29
"July 29, 2017","Anaheim, California, USA",http://www.ufcstats.com/event-details/ff9578cdbfabd323
"August 05, 2017","Mexico City, Distrito Federal, Mexico",http://www.ufcstats.com/event-details/f4a031ac205ac580
"September 02, 2017","Rotterdam, Zuid-Holland, Netherlands",http://www.ufcstats.com/event-details/a3244e3238541482
"September 16, 2017","Pittsburgh, Pennsylvania, USA",http://www.ufcstats.com/event-details/1979c80150f630c4
"October 07, 2017","Las Vegas, Nevada, USA",http://www.ufcstats.com/event-details/cc5834a495d1ea08
"October 21, 2017","Gdansk, Poland",http://www.ufcstats.com/event-details/d6b68eaf4b68b160
"September 09, 2017","Edmonton, Alberta, Canada",http://www.ufcstats.com/event-details/d86e913c548c07c2
"September 22, 2017","Saitama, Saitama, Japan",http://www.ufcstats.com/event-details/9211aae062b799d6
"November 04, 2017","New York City, New York, USA",http://www.ufcstats.com/event-details/a25b71fe5e31fa97
"October 28, 2017","Sao Paulo, Sao Paulo, Brazil",http://www.ufcstats.com/event-details/a7724f51e32e763e
"November 18, 2017","Sydney, New South Wales, Australia",http://www.ufcstats.com/event-details/caced97768818230
"November 25, 2017","Shanghai, Hebei, China",http://www.ufcstats.com/event-details/e7bc606d269896aa
"November 11, 2017","Norfolk, Virginia, USA",http://www.ufcstats.com/event-details/d856a0080ac09ed7
"December 01, 2017","Las Vegas, Nevada, USA",http://www.ufcstats.com/event-details/30e8b4505f5ccf92
"December 02, 2017","Detroit, Michigan, USA",http://www.ufcstats.com/event-details/9e30f69cc0869301
"December 09, 2017","Fresno, California, USA",http://www.ufcstats.com/event-details/bcd124bcd3d5be46
"January 14, 2018","St. Louis, Missouri, USA",http://www.ufcstats.com/event-details/fc1868f56d3036eb
"December 16, 2017","Winnipeg, Manitoba, Canada",http://www.ufcstats.com/event-details/eaa0a728cc91ef60
"January 20, 2018","Boston, Massachusetts, USA",http://www.ufcstats.com/event-details/02177caefe7c07d4
"February 03, 2018","Belem, Para, Brazil",http://www.ufcstats.com/event-details/7cf20446453f852b
"January 27, 2018","Charlotte, North Carolina, USA",http://www.ufcstats.com/event-details/602bb270f2bdbf02
"December 30, 2017","Las Vegas, Nevada, USA",http://www.ufcstats.com/event-details/04076783ca83d6ae
"February 18, 2018","Austin, Texas, USA",http://www.ufcstats.com/event-details/d181689653115b6a
"February 10, 2018","Perth, Western Australia, Australia",http://www.ufcstats.com/event-details/15515e797aedc137
"April 14, 2018","Glendale, Arizona, USA",http://www.ufcstats.com/event-details/620be7e0712d431b
"February 24, 2018","Orlando, Florida, USA",http://www.ufcstats.com/event-details/daa89f01e1c0f42a
"March 17, 2018","London, England, United Kingdom",http://www.ufcstats.com/event-details/eed2b71d77d95416
"March 03, 2018","Las Vegas, Nevada, USA",http://www.ufcstats.com/event-details/7929be8290289a47
"April 21, 2018","Atlantic City, New Jersey, USA",http://www.ufcstats.com/event-details/ad99fa5325519169
"May 12, 2018","Rio de Janeiro, Rio de Janeiro, Brazil",http://www.ufcstats.com/event-details/67ec58d7cf599835
"April 07, 2018","Brooklyn, New York, USA",http://www.ufcstats.com/event-details/49e7e05f902479ca
"May 19, 2018","Santiago, Chile",http://www.ufcstats.com/event-details/3144121470023e9a
"June 23, 2018","Kallang, Singapore",http://www.ufcstats.com/event-details/ac5f67109accb482
"May 27, 2018","Liverpool, England, United Kingdom",http://www.ufcstats.com/event-details/f5990c11974d8e9c
"June 01, 2018","Utica, New York, USA",http://www.ufcstats.com/event-details/d29b5c4f22c6357d
"June 09, 2018","Chicago, Illinois, USA",http://www.ufcstats.com/event-details/2eae41f61776c60f
"July 14, 2018","Boise, Idaho, USA",http://www.ufcstats.com/event-details/b45d6b73f4ca4467
"July 07, 2018","Las Vegas, Nevada, USA",http://www.ufcstats.com/event-details/35585d970300d45a
"July 06, 2018","Las Vegas, Nevada, USA",http://www.ufcstats.com/event-details/8215e4fe24e8e81b
"August 25, 2018","Lincoln, Nebraska, USA",http://www.ufcstats.com/event-details/c0342805a1948cbb
"July 22, 2018","Hamburg, Hamburg, Germany",http://www.ufcstats.com/event-details/4f732e58ed907eff
"September 15, 2018","Moscow, Moscow, Russia",http://www.ufcstats.com/event-details/8d49545dadf9b919
"July 28, 2018","Calgary, Alberta, Canada",http://www.ufcstats.com/event-details/322a56923b396b4d
"August 04, 2018","Los Angeles, California, USA",http://www.ufcstats.com/event-details/03b1e846b09f721d
"September 22, 2018","Sao Paulo, Sao Paulo, Brazil",http://www.ufcstats.com/event-details/852454c572675334
"October 27, 2018","Moncton, New Brunswick, Canada",http://www.ufcstats.com/event-details/33a331684283900f
"September 08, 2018","Dallas, Texas, USA",http://www.ufcstats.com/event-details/d5ae8074631762fc
"November 03, 2018","New York City, New York, USA",http://www.ufcstats.com/event-details/20821819c401ced8
"October 06, 2018","Las Vegas, Nevada, USA",http://www.ufcstats.com/event-details/1ef0eae31904e534
"November 24, 2018","Beijing, China",http://www.ufcstats.com/event-details/de25520d54eab12d
"November 30, 2018","Las Vegas, Nevada, USA",http://www.ufcstats.com/event-details/c7ac79839e86ce33
"November 10, 2018","Denver, Colorado, USA",http://www.ufcstats.com/event-details/42c96a9c4802e2e1
"November 17, 2018","Buenos Aires, Buenos Aires, Argentina",http://www.ufcstats.com/event-details/aa3153a9941b4d44
"December 01, 2018","Adelaide, South Australia, Australia",http://www.ufcstats.com/event-details/d1d20e651e6cbc02
"December 08, 2018","Toronto, Ontario, Canada",http://www.ufcstats.com/event-details/2a74bbba57058f12
"January 19, 2019","Brooklyn, New York, USA",http://www.ufcstats.com/event-details/d4da8995fc91e7ef
"December 29, 2018","Los Angeles, California, USA",http://www.ufcstats.com/event-details/c046100aea0dba9a
"February 09, 2019","Melbourne, Victoria, Australia",http://www.ufcstats.com/event-details/b5882371e2a3900d
"December 15, 2018","Milwaukee, Wisconsin, USA",http://www.ufcstats.com/event-details/7a703c565ccaa18f
"February 02, 2019","Fortaleza, Ceara, Brazil",http://www.ufcstats.com/event-details/84283233ec42be5f
"February 23, 2019","Prague, Czech Republic",http://www.ufcstats.com/event-details/6546af7ab545b90c
"March 02, 2019","Las Vegas, Nevada, USA",http://www.ufcstats.com/event-details/2d5fbe2103f97053
"February 17, 2019","Phoenix, Arizona, USA",http://www.ufcstats.com/event-details/a7a79b8efbceaaac
"March 09, 2019","Wichita, Kansas, USA",http://www.ufcstats.com/event-details/e96d8538d3f9d0ed
"March 16, 2019","London, England, United Kingdom",http://www.ufcstats.com/event-details/80eacd4da0617c57
"March 30, 2019","Philadelphia, Pennsylvania, USA",http://www.ufcstats.com/event-details/9649d75defe0dedb
"March 23, 2019","Nashville, Tennessee, USA",http://www.ufcstats.com/event-details/487c170da059857d
"April 20, 2019","Saint Petersburg, Saint Petersburg, Russia",http://www.ufcstats.com/event-details/7dcf06c1967801c1
"April 27, 2019","Sunrise, Florida, USA",http://www.ufcstats.com/event-details/c912f676692c353a
"May 04, 2019","Ottawa, Ontario, Canada",http://www.ufcstats.com/event-details/351264d11286d09a
"April 13, 2019","Atlanta, Georgia, USA",http://www.ufcstats.com/event-details/b0550072e5f0afa7
"June 01, 2019","Stockholm, Sweden",http://www.ufcstats.com/event-details/cbc071cb20ea59c7
"May 11, 2019","Rio de Janeiro, Rio de Janeiro, Brazil",http://www.ufcstats.com/event-details/9de7c97e1c0d7927
"May 18, 2019","Rochester, New York, USA",http://www.ufcstats.com/event-details/6b8f28da9a483049
"June 22, 2019","Greenville, South Carolina, USA",http://www.ufcstats.com/event-details/b16a7e6a627e9789
"June 08, 2019","Chicago, Illinois, USA",http://www.ufcstats.com/event-details/e31502e3f79d00c5
"July 06, 2019","Las Vegas, Nevada, USA",http://www.ufcstats.com/event-details/6c9383ffab2725a5
"June 29, 2019","Minneapolis, Minnesota, USA",http://www.ufcstats.com/event-details/c0c1bc0766df4c00
"July 13, 2019","Sacramento, California, USA",http://www.ufcstats.com/event-details/2f8f3c69522db931
"July 27, 2019","Edmonton, Alberta, Canada",http://www.ufcstats.com/event-details/abcf7e55a0a9ed89
"July 20, 2019","San Antonio, Texas, USA",http://www.ufcstats.com/event-details/9e0f28d1f639ad73
"August 17, 2019","Anaheim, California, USA",http://www.ufcstats.com/event-details/70167689d6a01793
"August 10, 2019","Montevideo, Uruguay",http://www.ufcstats.com/event-details/e5d03e4d966126bd
"August 31, 2019","Shenzhen, Guangdong, China",http://www.ufcstats.com/event-details/2c104b7e59a72629
"August 03, 2019","Newark, New Jersey, USA",http://www.ufcstats.com/event-details/03da33a102d9a45f
"September 07, 2019","Abu Dhabi, Abu Dhabi, United Arab Emirates",http://www.ufcstats.com/event-details/a79bfbc01b2264d6
"September 21, 2019","Mexico City, Distrito Federal, Mexico",http://www.ufcstats.com/event-details/94a5aaf573f780ad
"October 05, 2019","Melbourne, Victoria, Australia",http://www.ufcstats.com/event-details/3cf68c1d17f66af7
"September 14, 2019","Vancouver, British Columbia, Canada",http://www.ufcstats.com/event-details/4834ff149dc9542a
"September 28, 2019","Copenhagen, Denmark",http://www.ufcstats.com/event-details/1bf49bf829964144
"October 26, 2019","Kallang, Singapore",http://www.ufcstats.com/event-details/df05aa15b2d66f57
"November 02, 2019","New York City, New York, USA",http://www.ufcstats.com/event-details/fd87b1bbfcde9d5e
"October 12, 2019","Tampa, Florida, USA",http://www.ufcstats.com/event-details/0941df56f6ac954b
"October 18, 2019","Boston, Massachusetts, USA",http://www.ufcstats.com/event-details/3ae10ac4df3df05c
"November 16, 2019","Sao Paulo, Sao Paulo, Brazil",http://www.ufcstats.com/event-details/81ca2c245b19b3c5
"December 14, 2019","Las Vegas, Nevada, USA",http://www.ufcstats.com/event-details/4565d435005319c0
"November 09, 2019","Moscow, Moscow, Russia",http://www.ufcstats.com/event-details/8d5daf67983b65ba
"December 07, 2019","Washington, DC, USA",http://www.ufcstats.com/event-details/b09890ba7ce1d1e2
"December 21, 2019","Busan, South Korea",http://www.ufcstats.com/event-details/74fefd43f073cd2f
"February 08, 2020","Houston, Texas, USA",http://www.ufcstats.com/event-details/b26d3e3746fb4024
"January 18, 2020","Las Vegas, Nevada, USA",http://www.ufcstats.com/event-details/0c1773639c795466
"January 25, 2020","Raleigh, North Carolina, USA",http://www.ufcstats.com/event-details/44aa652b181bcf68
"February 22, 2020","Auckland, New Zealand",http://www.ufcstats.com/event-details/33b2f68ef95252e0
"February 29, 2020","Norfolk, Virginia, USA",http://www.ufcstats.com/event-details/fc9a9559a05f2704
"March 07, 2020","Las Vegas, Nevada, USA",http://www.ufcstats.com/event-details/0b5b6876c2a4723f
"February 15, 2020","Rio Rancho, New Mexico, USA",http://www.ufcstats.com/event-details/5df17b3620145578
"May 09, 2020","Jacksonville, Florida, USA",http://www.ufcstats.com/event-details/898337ef520fe4d3
"May 16, 2020","Jacksonville, Florida, USA",http://www.ufcstats.com/event-details/dfb965c9824425db
"May 13, 2020","Jacksonville, Florida, USA",http://www.ufcstats.com/event-details/5f8e00c27b7e7410
"March 14, 2020","Brasilia, Distrito Federal, Brazil",http://www.ufcstats.com/event-details/53278852bcd91e11
"May 30, 2020","Las Vegas, Nevada, USA",http://www.ufcstats.com/event-details/14b9e0f2679a2205
"June 06, 2020","Las Vegas, Nevada, USA",http://www.ufcstats.com/event-details/4c12aa7ca246e7a4
"June 20, 2020","Las Vegas, Nevada, USA",http://www.ufcstats.com/event-details/2eab7a6c8b0ed8cc
"July 11, 2020","Abu Dhabi, Abu Dhabi, United Arab Emirates",http://www.ufcstats.com/event-details/dbd198f780286aca
"June 27, 2020","Las Vegas, Nevada, USA",http://www.ufcstats.com/event-details/c32eab6c2119e989
"June 13, 2020","Las Vegas, Nevada, USA",http://www.ufcstats.com/event-details/1e13936d708bcff7
"July 15, 2020","Abu Dhabi, Abu Dhabi, United Arab Emirates",http://www.ufcstats.com/event-details/18f5669a92e99d92
"July 18, 2020","Abu Dhabi, Abu Dhabi, United Arab Emirates",http://www.ufcstats.com/event-details/ddbd0d6259ce57cc
"August 01, 2020","Las Vegas, Nevada, USA",http://www.ufcstats.com/event-details/3746e21bb508391a
"July 25, 2020","Abu Dhabi, Abu Dhabi, United Arab Emirates",http://www.ufcstats.com/event-details/dde70a112e053a6c
"August 15, 2020","Las Vegas, Nevada, USA",http://www.ufcstats.com/event-details/bda04c573563cc2e
"August 22, 2020","Las Vegas, Nevada, USA",http://www.ufcstats.com/event-details/af1e5c64b8663aa0
"August 08, 2020","Las Vegas, Nevada, USA",http://www.ufcstats.com/event-details/7a82635ffa9b59fe
"September 05, 2020","Las Vegas, Nevada, USA",http://www.ufcstats.com/event-details/542db012217ecb83
"August 29, 2020","Las Vegas, Nevada, USA",http://www.ufcstats.com/event-details/e29cf523ebd155c5
"September 26, 2020","Abu Dhabi, Abu Dhabi, United Arab Emirates",http://www.ufcstats.com/event-details/e69c5ce12f4e762b
"September 12, 2020","Las Vegas, Nevada, USA",http://www.ufcstats.com/event-details/9c37681096c6f3a9
"September 19, 2020","Las Vegas, Nevada, USA",http://www.ufcstats.com/event-details/831b937811804dad
"October 03, 2020","Abu Dhabi, Abu Dhabi, United Arab Emirates",http://www.ufcstats.com/event-details/805ad1801eb26abb
"October 10, 2020","Abu Dhabi, Abu Dhabi, United Arab Emirates",http://www.ufcstats.com/event-details/fd4578cac86d75ca
"October 17, 2020","Abu Dhabi, Abu Dhabi, United Arab Emirates",http://www.ufcstats.com/event-details/d4f364dd076bb0e2
"November 07, 2020","Las Vegas, Nevada, USA",http://www.ufcstats.com/event-details/41dca66f9dadfc86
"October 24, 2020","Abu Dhabi, Abu Dhabi, United Arab Emirates",http://www.ufcstats.com/event-details/c3c38c86f5ab9b5c
"April 17, 2021","Las Vegas, Nevada, USA",http://www.ufcstats.com/event-details/4a35913bd9aa4161
"November 21, 2020","Las Vegas, Nevada, USA",http://www.ufcstats.com/event-details/bbb15f301e4a490a
"April 24, 2021","Jacksonville, Florida, USA",http://www.ufcstats.com/event-details/27541033b97c076d
"November 28, 2020","Las Vegas, Nevada, USA",http://www.ufcstats.com/event-details/992c82450d96f726
"October 31, 2020","Las Vegas, Nevada, USA",http://www.ufcstats.com/event-details/ad044be25c94dcfd
"November 14, 2020","Las Vegas, Nevada, USA",http://www.ufcstats.com/event-details/3bc27ec15facbcf3
"May 08, 2021","Las Vegas, Nevada, USA",http://www.ufcstats.com/event-details/58a36b4ccf5dc30e
"May 01, 2021","Las Vegas, Nevada, USA",http://www.ufcstats.com/event-details/d57e6a8971b6d2bd
"May 15, 2021","Houston, Texas, USA",http://www.ufcstats.com/event-details/744f50016c39c26c
"May 22, 2021","Las Vegas, Nevada, USA",http://www.ufcstats.com/event-details/277ffed20cf07aea
"June 12, 2021","Glendale, Arizona, USA",http://www.ufcstats.com/event-details/0b64d0fed453ef7f
"June 05, 2021","Las Vegas, Nevada, USA",http://www.ufcstats.com/event-details/3b2485c8d5c8b580
"June 19, 2021","Las Vegas, Nevada, USA",http://www.ufcstats.com/event-details/9ddfb3369a3b0394
"July 10, 2021","Las Vegas, Nevada, USA",http://www.ufcstats.com/event-details/8a0be41c0380188d
"July 17, 2021","Las Vegas, Nevada, USA",http://www.ufcstats.com/event-details/40389d39a92f5bfa
"June 26, 2021","Las Vegas, Nevada, USA",http://www.ufcstats.com/event-details/a1d6b308781aa2f5
"July 24, 2021","Las Vegas, Nevada, USA",http://www.ufcstats.com/event-details/e57f0b06ea39e360
"July 31, 2021","Las Vegas, Nevada, USA",http://www.ufcstats.com/event-details/320edfb0332b7073
"August 21, 2021","Las Vegas, Nevada, USA",http://www.ufcstats.com/event-details/2f13e4020cea5b38
"August 28, 2021","Las Vegas, Nevada, USA",http://www.ufcstats.com/event-details/0db9d2486d564a3c
"August 07, 2021","Houston, Texas, USA",http://www.ufcstats.com/event-details/972197a8c61ac413
"September 04, 2021","Las Vegas, Nevada, USA",http://www.ufcstats.com/event-details/b9532d815060de7f
"September 18, 2021","Las Vegas, Nevada, USA",http://www.ufcstats.com/event-details/4c27ca8c8481f79a
"October 02, 2021","Las Vegas, Nevada, USA",http://www.ufcstats.com/event-details/e15d0a2519d6a0b5
"October 16, 2021","Las Vegas, Nevada, USA",http://www.ufcstats.com/event-details/8f4616698508f24d
"September 25, 2021","Las Vegas, Nevada, USA",http://www.ufcstats.com/event-details/0eec866a077889f0
"October 09, 2021","Las Vegas, Nevada, USA",http://www.ufcstats.com/event-details/d247691a6c0e9034
"November 06, 2021","New York City, New York, USA",http://www.ufcstats.com/event-details/48e093ea1f43a053
"October 23, 2021","Las Vegas, Nevada, USA",http://www.ufcstats.com/event-details/8a9c6c4301f6d088
"November 13, 2021","Las Vegas, Nevada, USA",http://www.ufcstats.com/event-details/b5abaa65f87938eb
"October 30, 2021","Abu Dhabi, Abu Dhabi, United Arab Emirates",http://www.ufcstats.com/event-details/3974fa35c917af1d
"December 11, 2021","Las Vegas, Nevada, USA",http://www.ufcstats.com/event-details/ef927e4fe2117ab8
"November 20, 2021","Las Vegas, Nevada, USA",http://www.ufcstats.com/event-details/c95fbc085e17a532
"December 18, 2021","Las Vegas, Nevada, USA",http://www.ufcstats.com/event-details/2a470ad41c22c25a
"January 15, 2022","Las Vegas, Nevada, USA",http://www.ufcstats.com/event-details/f5585e675af7afd4
"January 22, 2022","Anaheim, California, USA",http://www.ufcstats.com/event-details/335ad945324c3a2e
"February 12, 2022","Houston, Texas, USA",http://www.ufcstats.com/event-details/cbb682f5fcc44bfc
"December 04, 2021","Las Vegas, Nevada, USA",http://www.ufcstats.com/event-details/509697e08673d2e5
"February 05, 2022","Las Vegas, Nevada, USA",http://www.ufcstats.com/event-details/883922e5cd6d8473
"February 26, 2022","Las Vegas, Nevada, USA",http://www.ufcstats.com/event-details/f6a7b02c42e9fc5b
"February 19, 2022","Las Vegas, Nevada, USA",http://www.ufcstats.com/event-details/77940e45bc86208e
"March 12, 2022","Las Vegas, Nevada, USA",http://www.ufcstats.com/event-details/1f9344211ca7fd60
"March 19, 2022","London, England, United Kingdom",http://www.ufcstats.com/event-details/1d00756835ca67c9
"March 05, 2022","Las Vegas, Nevada, USA",http://www.ufcstats.com/event-details/75e0d3cc2262b732
"March 26, 2022","Columbus, Ohio, USA",http://www.ufcstats.com/event-details/1fac46d466abd5b8
"April 16, 2022","Las Vegas, Nevada, USA",http://www.ufcstats.com/event-details/8753e125f4499816
"April 09, 2022","Jacksonville, Florida, USA",http://www.ufcstats.com/event-details/3a97fda0de6f1fa4
"April 23, 2022","Las Vegas, Nevada, USA",http://www.ufcstats.com/event-details/236a37d96d476164
"April 30, 2022","Las Vegas, Nevada, USA",http://www.ufcstats.com/event-details/6bf5a7d3e081ade2
"May 07, 2022","Phoenix, Arizona, USA",http://www.ufcstats.com/event-details/253d3f9e97ca149a
"May 14, 2022","Las Vegas, Nevada, USA",http://www.ufcstats.com/event-details/60ba33c3f555a7a3
"June 04, 2022","Las Vegas, Nevada, USA",http://www.ufcstats.com/event-details/57591bbf1623574e
"June 18, 2022","Austin, Texas, USA",http://www.ufcstats.com/event-details/a0a680fe2f6cc8e6
"July 16, 2022","Elmont, New York, USA",http://www.ufcstats.com/event-details/8fd76e1b49c00ae2
"June 25, 2022","Las Vegas, Nevada, USA",http://www.ufcstats.com/event-details/eb42d4febfafefd1
"June 11, 2022","Kallang, Singapore",http://www.ufcstats.com/event-details/3a24769a4855040a
"May 21, 2022","Las Vegas, Nevada, USA",http://www.ufcstats.com/event-details/a6c32678efd4f434
"July 02, 2022","Las Vegas, Nevada, USA",http://www.ufcstats.com/event-details/4a9e305633f3ef47
"July 23, 2022","London, England, United Kingdom",http://www.ufcstats.com/event-details/319c15b8aac5bfde
"July 09, 2022","Las Vegas, Nevada, USA",http://www.ufcstats.com/event-details/31da66df48c0c1a0
